{
    "PlayerSystemInfo": {
        "OperatingSystem": "",
        "DeviceModel": "",
        "DeviceName": "",
        "ProcessorType": "",
        "ProcessorCount": 0,
        "GraphicsDeviceName": "",
        "SystemMemorySize": 0,
        "XrModel": "",
        "XrDevice": ""
    },
    "EditorVersion": {
        "FullVersion": "2018.3.6f1 (a220877bc173)",
        "DateSeconds": 1550225957,
        "Branch": "2018.3/release",
        "RevisionValue": 10625159
    },
    "BuildSettings": {
        "Platform": "OSXEditor",
        "BuildTarget": "StandaloneOSX",
        "DevelopmentPlayer": false,
        "AndroidBuildSystem": "Gradle"
    },
    "ScreenSettings": {
        "ScreenWidth": 0,
        "ScreenHeight": 0,
        "ScreenRefreshRate": 0,
        "Fullscreen": false
    },
    "QualitySettings": {
        "Vsync": 0,
        "AntiAliasing": 0,
        "ColorSpace": "",
        "AnisotropicFiltering": "",
        "BlendWeights": ""
    },
    "PlayerSettings": {
        "ScriptingBackend": "",
        "VrSupported": false,
        "MtRendering": false,
        "GraphicsJobs": false,
        "GpuSkinning": false,
        "GraphicsApi": "",
        "Batchmode": "",
        "StereoRenderingPath": "",
        "RenderThreadingMode": "",
        "AndroidMinimumSdkVersion": "",
        "AndroidTargetSdkVersion": "",
        "EnabledXrTargets": [],
        "ScriptingRuntimeVersion": ""
    },
    "TestSuite": "",
    "StartTime": 1586611922087.102,
    "EndTime": 0.0,
    "Results": []
}